,Age,Sex,Job,Housing,Saving accounts,Checking account,Credit amount,Duration,Purpose,Risk
837,23,female,1,rent,little,NA,601,4,furniture/equipment,good
943,42,male,1,own,little,NA,1455,4,car,good
314,29,male,1,own,NA,rich,1494,4,car,good
527,42,male,1,own,little,NA,1503,4,radio/TV,good
234,42,male,1,own,little,NA,1544,4,radio/TV,good
734,37,female,2,own,little,NA,3380,4,car,good
430,74,male,1,own,little,NA,3448,5,business,good
725,41,female,1,own,rich,NA,250,6,car,good
177,52,male,2,own,quite rich,little,338,6,radio/TV,good
458,27,female,2,own,little,little,343,6,domestic appliances,good
379,52,female,1,own,moderate,NA,362,6,car,good
493,38,male,2,own,NA,moderate,368,6,radio/TV,good
26,39,male,1,own,little,NA,426,6,radio/TV,good
750,49,female,2,own,little,little,428,6,furniture/equipment,good
721,24,female,2,rent,rich,moderate,433,6,education,bad
471,23,female,2,own,little,little,448,6,education,bad
964,22,male,1,own,little,moderate,454,6,repairs,good
811,28,male,1,own,little,moderate,484,6,radio/TV,good
451,29,female,2,own,little,NA,518,6,radio/TV,good
806,26,male,1,own,little,moderate,590,6,radio/TV,good
515,37,female,2,own,little,little,609,6,car,good
436,23,male,1,rent,quite rich,NA,660,6,repairs,good
529,41,male,1,own,little,little,662,6,car,good
250,39,female,1,own,rich,little,666,6,car,good
300,54,female,0,own,little,NA,672,6,car,good
562,29,female,2,own,little,rich,683,6,radio/TV,good
519,36,male,2,free,NA,NA,700,6,radio/TV,good
140,27,male,0,own,rich,rich,709,6,car,good
976,64,female,2,own,little,moderate,753,6,radio/TV,good
55,26,male,1,own,NA,NA,783,6,car,good
146,39,female,2,own,little,little,860,6,car,good
595,32,female,1,own,moderate,moderate,931,6,car,bad
102,24,female,2,own,little,NA,932,6,radio/TV,good
215,39,female,1,own,NA,moderate,932,6,education,good
664,50,female,1,own,little,rich,1047,6,education,good
663,35,male,3,own,little,moderate,1050,6,furniture/equipment,good
329,28,male,2,own,little,moderate,1068,6,radio/TV,good
0,67,male,2,own,NA,little,1169,6,radio/TV,good
711,35,female,2,free,little,little,1198,6,education,bad
518,43,male,2,own,moderate,little,1203,6,car,good
247,35,male,2,rent,moderate,NA,1204,6,car,good
485,47,male,3,own,little,moderate,1209,6,car,bad
792,27,male,2,own,NA,NA,1221,6,furniture/equipment,good
695,50,male,2,rent,quite rich,NA,1236,6,car,good
492,27,female,2,own,moderate,NA,1237,6,radio/TV,good
473,36,male,3,own,NA,NA,1238,6,education,good
756,74,male,0,own,little,rich,1299,6,car,good
499,28,male,2,own,moderate,rich,1323,6,car,good
816,62,male,2,own,quite rich,NA,1338,6,domestic appliances,good
871,46,male,2,own,little,rich,1343,6,car,good
150,42,male,2,free,moderate,NA,1346,6,radio/TV,good
47,23,female,0,rent,quite rich,little,1352,6,car,good
516,40,male,1,own,little,little,1361,6,car,good
25,36,male,1,own,little,little,1374,6,furniture/equipment,good
536,75,female,3,own,NA,little,1374,6,car,good
196,28,female,2,own,little,NA,1382,6,radio/TV,good
110,31,male,2,own,moderate,moderate,1449,6,business,good
680,56,female,2,own,little,NA,1538,6,education,good
305,33,male,2,own,rich,NA,1543,6,furniture/equipment,good
817,24,female,2,rent,little,NA,1554,6,radio/TV,good
241,51,male,2,own,little,NA,1595,6,radio/TV,good
960,30,male,2,rent,little,NA,1740,6,radio/TV,good
348,34,male,1,own,moderate,NA,1743,6,business,good
551,45,male,1,own,quite rich,NA,1750,6,radio/TV,good
363,21,male,2,rent,little,NA,1766,6,furniture/equipment,good
432,36,male,3,free,little,little,1872,6,furniture/equipment,good
159,34,male,1,own,NA,NA,1898,6,radio/TV,good
393,31,female,2,own,little,little,1957,6,radio/TV,good
937,30,male,3,rent,little,moderate,2063,6,radio/TV,good
673,24,male,2,own,quite rich,NA,2080,6,car,good
193,29,male,2,rent,little,NA,2108,6,radio/TV,good
626,41,male,2,own,little,rich,2116,6,furniture/equipment,good
21,44,male,2,rent,quite rich,little,2647,6,radio/TV,good
165,32,male,2,own,quite rich,NA,2978,6,furniture/equipment,good
335,44,male,3,rent,little,little,3384,6,furniture/equipment,bad
489,26,male,2,rent,little,NA,3518,6,car,good
617,37,male,2,rent,little,little,3676,6,car,good
278,32,female,2,own,little,NA,4611,6,furniture/equipment,bad
693,44,male,1,own,NA,little,4716,6,car,good
738,45,male,3,own,little,NA,6761,6,car,good
236,23,male,0,own,NA,moderate,14555,6,car,bad
917,68,male,3,own,little,little,14896,6,car,bad
71,46,male,1,rent,NA,NA,730,7,radio/TV,good
377,36,male,2,free,NA,NA,846,7,radio/TV,good
600,45,female,2,own,little,moderate,2329,7,radio/TV,good
28,34,male,2,own,little,moderate,2415,7,radio/TV,good
447,35,male,2,own,little,moderate,2576,7,radio/TV,good
823,47,male,1,own,little,little,731,8,car,good
732,44,female,1,own,little,moderate,760,8,radio/TV,good
810,26,male,2,own,little,moderate,907,8,business,good
72,51,male,3,free,little,little,1164,8,vacation/others,good
308,24,female,2,own,little,moderate,1237,8,furniture/equipment,bad
173,33,male,2,own,little,moderate,1414,8,radio/TV,good
325,39,male,1,own,little,little,3398,8,car,good
309,22,male,1,rent,little,moderate,276,9,car,good
39,24,male,2,own,little,moderate,458,9,radio/TV,good
472,28,male,1,own,little,little,654,9,car,bad
936,28,female,1,own,little,rich,745,9,radio/TV,bad
723,66,female,1,own,quite rich,moderate,790,9,radio/TV,good
601,30,female,2,own,little,moderate,918,9,furniture/equipment,bad
200,52,male,2,own,quite rich,NA,936,9,education,good
351,29,female,2,own,little,moderate,959,9,furniture/equipment,bad
574,27,male,1,own,little,moderate,1082,9,radio/TV,good
502,49,male,2,own,moderate,rich,1126,9,radio/TV,good
349,32,male,2,free,rich,moderate,1136,9,education,bad
713,25,male,1,own,little,little,1138,9,radio/TV,good
957,37,male,1,own,little,moderate,1154,9,radio/TV,good
554,67,female,3,own,little,moderate,1199,9,education,good
708,25,female,2,own,little,moderate,1206,9,radio/TV,good
932,30,male,2,own,little,NA,1224,9,car,good
350,23,female,2,rent,little,NA,1236,9,domestic appliances,good
445,41,female,1,rent,NA,NA,1244,9,education,good
156,48,male,2,own,moderate,little,1288,9,repairs,good
428,20,male,2,own,little,NA,1313,9,furniture/equipment,good
720,34,male,3,own,little,rich,1337,9,radio/TV,bad
848,59,male,2,own,little,little,1364,9,radio/TV,good
922,22,female,2,rent,little,little,1366,9,radio/TV,bad
582,26,female,2,rent,little,NA,1388,9,furniture/equipment,good
60,27,male,2,own,little,moderate,1391,9,business,good
878,27,male,3,free,little,little,1422,9,car,bad
627,29,male,2,own,moderate,moderate,1437,9,car,bad
389,27,female,2,own,little,NA,1449,9,business,good
228,22,male,2,own,little,NA,1478,9,radio/TV,bad
195,34,female,3,own,little,moderate,1501,9,education,bad
799,35,male,0,own,NA,moderate,1549,9,car,good
931,22,female,2,own,little,moderate,1670,9,radio/TV,bad
103,35,male,2,rent,little,moderate,1919,9,furniture/equipment,good
633,19,female,2,rent,little,NA,1980,9,furniture/equipment,bad
254,24,male,2,own,NA,moderate,2030,9,furniture/equipment,good
709,37,male,1,own,little,moderate,2118,9,radio/TV,good
20,48,male,2,own,little,NA,2134,9,car,good
434,25,male,2,own,little,little,2136,9,furniture/equipment,good
795,22,female,2,rent,moderate,NA,2301,9,furniture/equipment,good
394,31,male,3,own,little,NA,2406,9,furniture/equipment,good
231,51,male,1,free,quite rich,NA,2507,9,car,good
275,32,male,2,own,little,NA,2697,9,radio/TV,good
688,35,male,2,own,moderate,NA,2753,9,radio/TV,good
586,36,male,2,rent,little,little,2799,9,car,good
210,33,male,2,own,NA,NA,3074,9,radio/TV,good
909,33,female,1,own,NA,moderate,3195,9,car,good
859,26,male,2,rent,moderate,NA,3577,9,car,good
629,64,male,1,own,NA,NA,3832,9,education,good
186,74,female,3,free,little,moderate,5129,9,car,bad
354,46,male,2,free,quite rich,NA,727,10,education,good
123,63,male,2,free,little,rich,781,10,car,good
856,40,female,2,own,NA,NA,894,10,education,good
303,49,male,2,own,little,little,1038,10,car,good
741,23,male,1,own,little,moderate,1048,10,radio/TV,good
38,37,male,2,own,little,rich,1225,10,domestic appliances,good
264,32,male,1,own,little,NA,1231,10,car,good
611,48,female,1,free,moderate,rich,1240,10,car,bad
604,23,female,2,own,little,rich,1275,10,furniture/equipment,good
297,45,male,1,own,NA,NA,1287,10,car,good
505,27,male,1,own,NA,NA,1309,10,car,bad
686,27,male,2,own,NA,rich,1347,10,radio/TV,good
219,64,female,2,own,little,NA,1364,10,car,good
488,35,male,1,rent,moderate,NA,1418,10,car,good
339,31,male,1,own,little,moderate,1521,10,furniture/equipment,good
941,31,male,1,own,little,NA,1546,10,car,good
413,40,male,1,rent,quite rich,NA,1597,10,car,good
151,38,male,2,own,little,NA,1924,10,radio/TV,good
24,26,male,2,own,NA,NA,2069,10,furniture/equipment,good
117,27,female,2,rent,NA,little,2132,10,furniture/equipment,good
372,23,female,2,rent,little,NA,2146,10,furniture/equipment,good
864,25,male,1,rent,little,NA,2210,10,furniture/equipment,bad
22,48,male,1,rent,little,little,2241,10,car,good
84,52,male,1,own,little,little,2315,10,radio/TV,good
916,32,male,2,own,moderate,NA,2848,10,car,good
767,31,female,2,rent,NA,NA,2901,10,car,good
344,37,male,1,own,little,rich,3949,10,car,good
163,70,male,3,free,little,moderate,7308,10,car,good
259,57,female,1,own,moderate,NA,1154,11,radio/TV,good
875,40,female,2,own,rich,moderate,1322,11,car,good
45,35,female,3,own,little,NA,1393,11,car,good
167,20,female,2,own,rich,moderate,1577,11,furniture/equipment,good
913,28,male,2,own,rich,NA,2142,11,business,good
456,36,male,2,rent,little,little,3905,11,car,good
969,40,male,1,own,little,little,3939,11,car,good
77,51,male,2,own,little,moderate,4771,11,radio/TV,good
48,39,male,1,own,little,NA,7228,11,car,good
157,45,male,1,own,little,little,339,12,education,good
590,58,female,1,own,little,little,385,12,radio/TV,good
27,42,female,2,rent,rich,rich,409,12,radio/TV,good
933,42,male,2,own,quite rich,NA,522,12,radio/TV,good
513,20,male,2,rent,little,moderate,585,12,radio/TV,good
439,26,female,0,own,little,rich,609,12,business,bad
90,56,male,2,own,little,NA,618,12,radio/TV,good
220,26,male,1,own,little,moderate,625,12,radio/TV,good
548,24,female,1,own,little,little,626,12,radio/TV,bad
127,30,male,2,own,little,moderate,639,12,repairs,bad
619,49,male,1,own,little,NA,640,12,car,good
869,24,female,2,rent,little,little,652,12,furniture/equipment,good
188,20,male,2,own,moderate,little,674,12,radio/TV,bad
147,51,female,2,own,moderate,NA,682,12,car,good
649,40,male,1,rent,little,little,684,12,education,bad
313,25,male,1,own,little,moderate,685,12,car,bad
759,35,male,2,own,little,little,691,12,car,bad
925,46,male,2,own,little,little,697,12,car,bad
126,40,male,1,own,little,little,701,12,radio/TV,good
318,32,male,2,own,little,NA,701,12,education,good
222,30,male,2,own,little,NA,707,12,radio/TV,good
316,38,male,1,own,little,little,708,12,furniture/equipment,good
849,57,male,1,own,little,little,709,12,radio/TV,bad
246,52,male,2,own,little,NA,717,12,radio/TV,good
443,41,male,1,own,little,NA,719,12,education,bad
307,33,male,1,own,moderate,little,727,12,radio/TV,bad
610,22,female,2,own,moderate,little,741,12,domestic appliances,bad
463,38,male,2,own,NA,moderate,754,12,education,good
510,26,male,2,own,little,little,759,12,car,bad
171,26,female,2,own,little,NA,763,12,furniture/equipment,good
137,66,male,1,own,quite rich,moderate,766,12,radio/TV,bad
358,28,male,2,own,little,NA,776,12,radio/TV,good
885,53,female,2,own,little,little,795,12,education,bad
92,33,female,1,own,NA,NA,797,12,radio/TV,bad
997,38,male,2,own,little,NA,804,12,radio/TV,good
783,23,female,1,own,moderate,moderate,836,12,car,bad
752,23,female,1,rent,moderate,moderate,841,12,business,good
836,21,female,2,own,NA,NA,886,12,radio/TV,good
656,41,male,1,own,little,moderate,888,12,car,bad
661,23,male,2,own,NA,little,900,12,car,bad
203,21,male,2,rent,little,little,902,12,education,bad
697,38,female,0,own,little,NA,926,12,car,good
807,65,male,2,own,NA,NA,930,12,radio/TV,good
409,28,male,2,own,quite rich,rich,939,12,car,bad
197,27,female,2,rent,moderate,moderate,951,12,furniture/equipment,bad
422,47,male,1,own,little,moderate,958,12,car,good
803,35,male,2,own,NA,NA,976,12,radio/TV,good
391,19,female,1,rent,rich,moderate,983,12,furniture/equipment,good
550,23,female,2,own,NA,NA,996,12,repairs,good
67,22,male,2,own,rich,moderate,1007,12,car,good
478,39,male,1,own,moderate,moderate,1037,12,business,good
290,26,male,2,own,little,NA,1076,12,business,good
835,48,male,2,own,little,little,1082,12,car,bad
288,49,female,2,own,little,moderate,1092,12,radio/TV,good
820,27,male,2,own,little,NA,1101,12,car,good
696,29,male,2,own,little,moderate,1103,12,radio/TV,good
905,20,male,3,rent,little,little,1107,12,radio/TV,good
89,28,male,2,own,little,little,1108,12,repairs,bad
700,29,female,1,rent,quite rich,NA,1123,12,furniture/equipment,bad
765,40,male,1,own,little,moderate,1155,12,radio/TV,good
41,26,male,2,own,quite rich,moderate,1158,12,radio/TV,good
484,44,male,2,own,quite rich,NA,1163,12,car,good
201,27,male,1,own,little,little,1168,12,car,good
243,27,female,2,own,little,NA,1185,12,business,good
221,23,female,2,rent,NA,little,1200,12,education,good
398,46,male,2,rent,little,moderate,1223,12,car,bad
722,24,female,1,own,little,little,1228,12,car,bad
135,38,female,2,own,NA,NA,1240,12,radio/TV,good
544,61,male,1,own,little,NA,1255,12,car,good
797,22,female,1,rent,little,NA,1258,12,furniture/equipment,good
52,25,male,2,own,little,NA,1262,12,radio/TV,good
277,49,male,1,own,NA,little,1262,12,furniture/equipment,good
33,57,male,1,rent,NA,NA,1264,12,business,good
747,37,female,1,own,little,little,1274,12,car,bad
155,20,female,2,rent,little,little,1282,12,furniture/equipment,bad
587,21,male,1,own,little,little,1289,12,furniture/equipment,good
238,35,female,2,own,little,NA,1291,12,radio/TV,good
10,25,female,2,rent,little,moderate,1295,12,car,bad
660,23,male,2,rent,little,rich,1297,12,radio/TV,good
94,54,male,2,own,rich,moderate,1318,12,car,good
383,26,male,2,own,little,rich,1330,12,car,good
555,22,male,2,own,little,moderate,1331,12,radio/TV,bad
929,43,male,1,own,little,little,1344,12,car,good
566,36,male,2,own,little,little,1372,12,car,bad
647,26,female,2,own,quite rich,NA,1386,12,car,bad
635,47,male,2,own,little,NA,1393,12,education,good
271,37,female,2,rent,quite rich,NA,1402,12,furniture/equipment,good
91,54,male,2,own,little,little,1409,12,car,good
782,31,male,1,own,little,moderate,1410,12,education,good
85,29,female,3,own,little,NA,1412,12,business,good
209,55,male,2,own,rich,NA,1413,12,car,good
207,26,male,2,own,little,moderate,1424,12,domestic appliances,good
448,55,female,3,own,NA,rich,1424,12,furniture/equipment,good
34,33,female,3,own,little,rich,1474,12,furniture/equipment,good
774,66,male,0,free,quite rich,rich,1480,12,car,good
435,25,male,2,own,NA,moderate,1484,12,radio/TV,bad
638,34,female,2,own,little,NA,1493,12,radio/TV,good
204,38,male,1,own,little,NA,1495,12,car,good
934,23,female,2,own,little,little,1498,12,radio/TV,good
532,41,male,2,rent,little,NA,1503,12,car,good
75,66,male,3,free,little,little,1526,12,car,good
540,23,male,2,rent,little,moderate,1534,12,radio/TV,bad
365,36,male,2,own,little,NA,1542,12,business,good
754,55,male,2,free,rich,NA,1555,12,repairs,bad
12,22,female,2,own,little,moderate,1567,12,radio/TV,good
281,50,male,2,own,little,NA,1574,12,furniture/equipment,good
897,35,female,2,own,rich,NA,1592,12,furniture/equipment,good
441,30,female,2,own,little,little,1620,12,furniture/equipment,good
769,63,male,1,own,little,NA,1655,12,radio/TV,good
260,27,male,2,own,little,little,1657,12,furniture/equipment,good
114,35,male,2,own,quite rich,little,1680,12,radio/TV,good
995,31,female,1,own,little,NA,1736,12,furniture/equipment,good
122,24,male,1,rent,little,NA,1768,12,furniture/equipment,good
23,44,male,2,own,moderate,moderate,1804,12,car,good
623,22,female,2,rent,little,little,1858,12,furniture/equipment,good
128,34,male,3,own,little,moderate,1860,12,car,good
139,44,female,1,rent,little,rich,1881,12,radio/TV,good
440,39,male,3,own,little,NA,1884,12,car,good
954,29,female,2,own,little,little,1893,12,car,good
651,37,male,1,own,little,moderate,1922,12,furniture/equipment,bad
490,26,male,2,own,little,NA,1934,12,radio/TV,good
206,43,male,2,own,little,NA,1935,12,furniture/equipment,good
178,31,male,3,rent,little,NA,1963,12,radio/TV,good
553,27,male,2,own,moderate,moderate,1995,12,car,good
923,30,male,2,rent,little,moderate,2002,12,car,good
96,61,female,2,own,NA,NA,2012,12,education,good
421,30,male,2,own,NA,moderate,2028,12,car,good
49,28,female,2,own,moderate,NA,2073,12,radio/TV,good
2,49,male,1,own,little,NA,2096,12,education,good
125,30,male,2,own,little,little,2121,12,car,good
494,39,male,1,rent,little,little,2122,12,car,good
584,52,female,3,free,NA,NA,2133,12,car,good
232,35,male,2,own,moderate,NA,2141,12,radio/TV,good
257,29,male,2,free,little,little,2149,12,radio/TV,bad
66,29,female,2,own,little,NA,2171,12,radio/TV,good
892,38,male,1,own,little,little,2171,12,car,good
762,24,male,1,own,little,little,2214,12,radio/TV,good
589,60,male,2,own,little,little,2246,12,furniture/equipment,bad
362,36,female,2,own,little,rich,2247,12,car,good
251,46,female,1,own,little,rich,2251,12,furniture/equipment,good
681,37,male,2,free,NA,NA,2279,12,radio/TV,good
412,42,male,3,own,little,NA,2292,12,business,bad
356,49,male,2,own,NA,NA,2331,12,radio/TV,good
119,36,male,3,own,quite rich,moderate,2366,12,car,good
994,50,male,2,own,NA,NA,2390,12,car,good
104,26,male,2,rent,NA,NA,2445,12,car,good
176,42,male,2,own,little,little,2577,12,furniture/equipment,good
396,55,female,3,free,little,little,2578,12,furniture/equipment,good
416,33,male,1,own,little,little,2579,12,car,bad
263,57,female,1,free,little,NA,2748,12,education,good
452,34,male,2,own,little,NA,2759,12,furniture/equipment,good
424,25,female,2,own,NA,moderate,2762,12,furniture/equipment,bad
947,38,male,3,own,NA,NA,2859,12,car,good
576,27,female,2,own,little,moderate,2930,12,radio/TV,good
707,25,female,2,rent,little,moderate,2969,12,furniture/equipment,bad
821,24,male,2,own,little,rich,3016,12,radio/TV,good
462,34,female,3,rent,little,moderate,3017,12,furniture/equipment,good
8,61,male,1,own,rich,NA,3059,12,radio/TV,good
486,52,male,2,own,little,NA,3077,12,radio/TV,good
581,49,male,1,own,little,moderate,3124,12,car,good
867,42,male,2,own,little,NA,3331,12,furniture/equipment,good
457,35,male,2,free,little,little,3386,12,car,bad
361,37,male,3,own,NA,rich,3399,12,radio/TV,good
244,35,female,1,own,quite rich,NA,3447,12,education,good
129,29,female,2,own,little,little,3499,12,car,bad
940,45,male,3,own,NA,NA,3527,12,car,good
990,37,male,1,own,NA,NA,3565,12,education,good
480,23,female,1,own,little,moderate,3573,12,radio/TV,good
874,29,male,1,own,little,little,3590,12,furniture/equipment,good
768,28,male,2,rent,little,moderate,3617,12,furniture/equipment,good
689,31,male,2,own,rich,little,3651,12,car,good
296,20,female,2,rent,NA,NA,4675,12,car,good
668,43,male,2,rent,little,little,4843,12,car,bad
326,49,male,2,rent,NA,NA,5801,12,furniture/equipment,good
107,32,male,2,own,little,moderate,6078,12,car,good
353,28,male,2,rent,little,little,6199,12,radio/TV,bad
56,52,male,3,own,NA,moderate,6468,12,radio/TV,bad
804,24,female,0,rent,NA,moderate,7472,12,car,good
227,53,male,3,free,little,little,7865,12,furniture/equipment,bad
346,23,male,2,own,little,moderate,882,13,radio/TV,good
987,64,female,2,own,moderate,NA,1409,13,radio/TV,good
745,28,male,1,own,little,little,1797,13,business,good
336,23,female,1,own,little,moderate,2101,13,radio/TV,good
403,27,male,1,own,little,NA,802,14,car,good
109,35,male,2,own,quite rich,moderate,1410,14,business,good
655,22,male,2,free,little,little,3973,14,car,good
268,45,male,3,own,little,little,8978,14,car,bad
111,23,female,2,rent,little,rich,392,15,education,good
265,37,male,2,own,little,moderate,802,15,radio/TV,bad
573,22,female,1,own,little,little,806,15,business,good
873,24,female,2,own,NA,NA,874,15,domestic appliances,good
170,33,male,2,rent,little,little,950,15,car,bad
483,30,female,2,own,rich,NA,960,15,furniture/equipment,good
690,25,male,2,own,little,little,975,15,furniture/equipment,good
407,27,male,2,own,little,little,1053,15,radio/TV,good
81,47,male,2,own,quite rich,NA,1213,15,radio/TV,good
162,36,male,2,own,quite rich,NA,1262,15,domestic appliances,good
979,25,male,2,rent,moderate,moderate,1264,15,car,bad
757,39,male,2,free,NA,rich,1271,15,radio/TV,bad
337,24,female,2,rent,NA,little,1275,15,domestic appliances,bad
609,45,male,2,free,NA,NA,1300,15,car,good
641,38,male,1,own,little,moderate,1308,15,repairs,good
726,47,male,1,own,quite rich,NA,1316,15,radio/TV,good
185,31,male,2,own,little,NA,1360,15,radio/TV,good
903,40,male,2,rent,NA,NA,1386,15,radio/TV,good
14,28,female,2,rent,little,little,1403,15,car,good
985,25,female,2,rent,little,little,1433,15,furniture/equipment,good
632,23,male,2,own,NA,moderate,1444,15,radio/TV,good
345,43,female,1,own,little,NA,1459,15,radio/TV,good
852,35,male,2,free,little,NA,1471,15,radio/TV,good
479,44,male,2,own,little,little,1478,15,furniture/equipment,good
682,33,male,2,own,little,NA,1478,15,radio/TV,good
449,61,male,2,own,rich,moderate,1512,15,repairs,bad
970,22,male,2,own,moderate,moderate,1514,15,repairs,good
283,63,male,2,own,NA,NA,1520,15,furniture/equipment,good
526,31,female,2,own,moderate,NA,1532,15,education,good
61,50,male,2,own,NA,moderate,1537,15,radio/TV,good
991,34,male,1,own,moderate,NA,1569,15,radio/TV,good
461,36,male,2,own,little,little,1721,15,car,good
809,26,female,0,rent,little,moderate,1778,15,car,bad
891,46,male,2,own,little,NA,1829,15,radio/TV,good
944,46,female,2,rent,little,little,1845,15,furniture/equipment,good
699,40,male,3,rent,little,rich,1905,15,education,good
625,35,male,2,own,NA,NA,1979,15,radio/TV,good
898,33,female,1,rent,NA,NA,2186,15,furniture/equipment,good
865,20,female,2,rent,quite rich,NA,2221,15,furniture/equipment,good
388,27,male,2,own,quite rich,moderate,2326,15,business,good
834,25,female,1,own,little,rich,2327,15,radio/TV,bad
506,36,male,2,own,quite rich,rich,2360,15,car,good
746,23,female,2,rent,little,little,2511,15,car,good
531,28,female,2,rent,moderate,moderate,2631,15,car,bad
691,25,female,1,own,moderate,moderate,2631,15,repairs,good
512,26,male,2,rent,little,rich,2687,15,business,good
132,27,male,1,own,little,NA,2708,15,furniture/equipment,good
138,35,male,2,own,NA,moderate,2728,15,radio/TV,good
575,24,female,2,own,little,NA,2788,15,furniture/equipment,good
749,33,male,2,own,little,NA,3029,15,car,good
420,20,female,2,rent,rich,NA,3186,15,car,good
857,28,male,2,free,little,NA,3343,15,furniture/equipment,good
280,23,male,2,rent,rich,NA,3368,15,car,good
962,29,male,2,own,NA,NA,3556,15,car,good
967,54,female,3,rent,little,NA,3568,15,radio/TV,good
908,46,female,1,own,little,NA,3594,15,car,good
319,27,female,1,own,little,little,3643,15,furniture/equipment,good
258,23,female,2,own,moderate,NA,3812,15,car,good
858,29,female,2,own,little,little,3959,15,car,bad
642,40,male,3,own,moderate,NA,4623,15,education,bad
224,30,male,2,own,little,NA,4657,15,car,good
760,59,female,2,own,NA,NA,5045,15,car,good
705,35,female,2,free,quite rich,NA,5324,15,car,good
507,34,male,3,own,moderate,moderate,6850,15,car,bad
187,68,male,0,free,little,moderate,1175,16,car,good
900,43,male,2,rent,little,little,2625,16,car,bad
249,22,female,2,rent,little,NA,433,18,radio/TV,bad
710,32,male,3,own,quite rich,NA,629,18,radio/TV,good
640,27,female,0,own,little,little,750,18,education,bad
233,25,male,1,own,little,moderate,866,18,radio/TV,good
184,36,male,2,own,little,moderate,884,18,car,bad
751,23,female,1,own,little,little,976,18,car,bad
324,36,female,2,own,little,NA,1028,18,car,good
419,33,female,2,own,NA,moderate,1042,18,car,bad
926,21,female,2,rent,little,little,1049,18,furniture/equipment,good
161,30,female,2,own,little,NA,1055,18,car,good
580,30,male,2,own,little,moderate,1056,18,car,bad
883,65,female,0,own,little,NA,1098,18,radio/TV,good
524,26,female,1,own,little,moderate,1113,18,radio/TV,good
386,21,female,2,rent,NA,NA,1126,18,radio/TV,good
166,33,female,2,own,little,little,1131,18,furniture/equipment,bad
427,46,male,2,own,rich,NA,1149,18,radio/TV,good
894,29,male,2,own,NA,NA,1169,18,radio/TV,good
429,55,female,0,free,little,little,1190,18,repairs,bad
831,23,female,2,rent,little,little,1216,18,car,bad
588,47,male,1,own,little,little,1217,18,domestic appliances,bad
360,61,male,2,free,NA,moderate,1239,18,education,good
474,33,male,2,own,little,moderate,1245,18,radio/TV,bad
86,27,female,2,own,little,moderate,1295,18,furniture/equipment,good
498,32,male,1,own,little,moderate,1301,18,radio/TV,good
819,26,male,2,own,little,little,1345,18,radio/TV,bad
853,32,male,1,free,little,little,1442,18,car,bad
282,49,male,1,own,NA,rich,1445,18,radio/TV,good
679,26,female,2,own,little,NA,1453,18,radio/TV,good
400,39,male,2,own,little,NA,1473,18,radio/TV,good
717,32,male,3,free,little,NA,1505,18,radio/TV,good
621,32,male,2,own,little,NA,1530,18,car,bad
948,43,male,1,own,little,NA,1533,18,furniture/equipment,bad
631,44,male,2,own,little,little,1553,18,furniture/equipment,bad
82,24,female,1,rent,moderate,NA,1568,18,business,good
149,46,male,2,own,rich,NA,1582,18,radio/TV,good
801,48,female,1,rent,little,moderate,1795,18,radio/TV,good
698,24,male,2,own,little,NA,1800,18,radio/TV,good
614,22,female,2,own,little,NA,1808,18,furniture/equipment,bad
920,28,female,2,own,little,NA,1817,18,furniture/equipment,good
390,30,male,3,own,little,NA,1820,18,car,good
331,30,female,2,own,moderate,NA,1864,18,education,bad
644,32,male,3,own,little,little,1880,18,radio/TV,good
727,25,female,2,rent,little,little,1882,18,radio/TV,bad
401,28,male,2,own,NA,moderate,1887,18,business,good
30,36,male,2,own,rich,moderate,1913,18,business,good
124,27,female,2,rent,NA,moderate,1924,18,furniture/equipment,bad
559,31,male,1,own,little,moderate,1928,18,furniture/equipment,bad
992,23,male,1,rent,NA,little,1936,18,radio/TV,good
876,36,male,3,free,little,little,1940,18,radio/TV,good
785,35,male,1,own,rich,moderate,1941,18,business,good
842,23,female,2,own,little,NA,1943,18,repairs,bad
464,34,male,2,own,little,NA,1950,18,business,good
58,23,female,3,own,little,rich,1961,18,car,good
133,47,male,2,free,little,NA,1984,18,furniture/equipment,good
585,20,female,2,rent,little,little,2039,18,furniture/equipment,bad
608,33,male,2,own,little,NA,2051,18,radio/TV,good
37,37,male,2,own,little,rich,2100,18,radio/TV,bad
761,24,female,2,rent,little,little,2124,18,furniture/equipment,bad
861,28,male,2,own,little,NA,2169,18,business,bad
385,25,female,2,own,little,NA,2238,18,radio/TV,good
88,30,male,3,own,moderate,little,2249,18,car,good
556,28,female,2,own,moderate,moderate,2278,18,car,bad
376,34,male,2,own,little,NA,2320,18,radio/TV,good
866,27,female,2,own,little,little,2389,18,radio/TV,good
276,26,female,2,own,little,NA,2404,18,radio/TV,good
977,42,male,2,own,NA,moderate,2427,18,business,good
143,22,male,2,own,little,little,2462,18,furniture/equipment,bad
364,25,male,0,own,little,little,2473,18,furniture/equipment,bad
298,43,male,2,own,little,NA,2515,18,furniture/equipment,good
624,65,male,2,free,little,little,2600,18,radio/TV,bad
97,34,male,2,own,moderate,moderate,2622,18,business,good
323,28,male,2,own,rich,little,2659,18,furniture/equipment,good
270,32,male,2,own,NA,NA,2662,18,car,good
598,31,male,2,own,little,NA,2775,18,car,bad
425,21,male,2,rent,little,moderate,2779,18,car,good
543,34,male,1,own,little,rich,2864,18,furniture/equipment,bad
404,43,male,2,own,NA,moderate,2899,18,car,good
369,40,female,2,rent,little,moderate,3001,18,furniture/equipment,good
539,45,female,1,own,little,rich,3049,18,furniture/equipment,good
216,31,male,2,own,little,little,3104,18,business,good
475,26,female,2,rent,little,little,3114,18,furniture/equipment,bad
521,24,female,2,own,little,little,3190,18,radio/TV,bad
342,25,male,2,rent,quite rich,moderate,3213,18,radio/TV,good
352,38,male,3,own,NA,NA,3229,18,car,good
189,33,female,2,own,little,moderate,3244,18,furniture/equipment,good
53,31,male,2,own,NA,NA,3378,18,car,good
844,47,male,2,own,little,NA,3422,18,furniture/equipment,good
777,25,female,2,own,little,little,3509,18,radio/TV,good
950,40,male,0,own,little,moderate,3590,18,business,good
537,37,female,2,own,little,moderate,3612,18,furniture/equipment,good
367,22,female,2,rent,little,little,3650,18,furniture/equipment,good
824,35,male,3,own,little,NA,3780,18,furniture/equipment,good
366,27,male,2,own,little,NA,3850,18,car,good
779,67,female,2,own,little,moderate,3872,18,repairs,good
826,33,female,2,rent,little,little,3966,18,car,bad
899,42,male,2,own,little,little,4153,18,furniture/equipment,bad
827,36,male,2,own,little,NA,4165,18,business,bad
199,40,male,3,own,little,moderate,4297,18,furniture/equipment,bad
737,35,male,1,own,moderate,little,4380,18,car,good
343,33,male,3,own,little,moderate,4439,18,business,good
459,32,male,2,own,little,NA,4594,18,radio/TV,good
262,36,male,3,free,little,little,5302,18,car,good
32,30,male,2,own,moderate,moderate,5866,18,car,good
371,33,male,2,own,little,NA,6070,18,radio/TV,good
42,44,male,1,own,little,moderate,6204,18,repairs,good
112,28,male,1,rent,little,moderate,6260,18,car,good
659,41,male,2,own,little,moderate,6361,18,furniture/equipment,good
106,39,male,3,own,little,NA,6458,18,car,bad
846,68,male,2,rent,NA,NA,6761,18,car,bad
387,40,male,3,own,little,moderate,7374,18,furniture/equipment,good
796,51,male,2,free,NA,little,7511,18,car,bad
417,23,female,2,rent,NA,little,8471,18,education,good
381,38,female,3,free,little,moderate,12976,18,car,bad
380,39,male,2,own,NA,little,2212,20,furniture/equipment,good
850,33,male,2,rent,little,little,2235,20,car,bad
442,29,male,2,own,little,moderate,2629,20,vacation/others,good
901,44,male,2,own,NA,NA,3485,20,car,good
802,24,female,2,own,little,little,4272,20,furniture/equipment,good
719,31,male,2,own,moderate,moderate,6148,20,car,good
784,60,male,3,own,NA,moderate,6468,20,car,good
99,36,male,3,rent,NA,moderate,7057,20,car,good
179,65,male,2,own,little,little,571,21,car,good
790,39,female,2,own,little,moderate,1188,21,business,bad
592,36,female,1,own,rich,NA,1572,21,business,good
423,34,male,3,own,moderate,NA,1591,21,furniture/equipment,good
825,30,male,2,own,little,little,1602,21,car,good
182,40,male,1,own,NA,little,1647,21,car,bad
120,25,female,2,own,little,little,1835,21,radio/TV,bad
662,50,male,2,own,little,NA,2241,21,furniture/equipment,good
144,23,female,2,own,little,NA,2288,21,furniture/equipment,good
535,33,male,2,rent,little,rich,2319,21,education,bad
961,47,male,2,own,little,moderate,2353,21,car,good
712,46,male,3,own,NA,NA,2476,21,car,good
674,41,male,1,own,quite rich,NA,2580,21,business,bad
896,28,female,3,rent,little,little,2606,21,radio/TV,good
299,32,male,2,own,rich,moderate,2745,21,furniture/equipment,good
237,61,male,1,rent,moderate,moderate,2767,21,business,bad
418,31,female,3,own,quite rich,NA,2782,21,car,good
982,28,female,3,own,moderate,rich,2923,21,car,good
841,28,male,1,own,little,NA,2993,21,car,good
742,41,male,2,own,NA,NA,3160,21,radio/TV,good
772,36,male,3,own,little,NA,3275,21,car,good
612,29,female,2,own,rich,little,3357,21,radio/TV,good
174,26,male,2,own,little,little,3414,21,education,bad
341,26,female,1,rent,little,little,3599,21,furniture/equipment,good
620,27,male,2,own,little,moderate,3652,21,business,good
906,24,male,1,own,NA,little,3763,21,car,good
845,35,male,2,own,NA,moderate,3976,21,furniture/equipment,good
557,29,female,2,own,NA,NA,5003,21,car,bad
748,26,male,2,own,NA,NA,5248,21,car,good
763,30,male,3,free,NA,NA,12680,21,car,bad
382,25,female,2,rent,NA,NA,1283,22,car,good
786,40,male,2,own,quite rich,NA,2675,22,radio/TV,good
798,54,male,2,own,NA,NA,717,24,car,good
240,29,female,2,own,NA,little,915,24,car,bad
942,31,male,2,own,NA,NA,929,24,furniture/equipment,good
579,27,male,1,own,little,NA,937,24,education,good
648,38,male,2,free,little,rich,947,24,car,bad
269,25,male,2,own,NA,NA,999,24,radio/TV,good
289,48,male,2,own,little,little,1024,24,radio/TV,bad
972,29,female,0,rent,little,little,1193,24,car,bad
13,60,male,1,own,little,little,1199,24,car,bad
481,26,male,2,own,little,moderate,1201,24,car,good
504,24,female,2,rent,little,little,1207,24,car,bad
503,38,male,2,own,moderate,moderate,1216,24,radio/TV,bad
955,57,female,3,rent,rich,little,1231,24,radio/TV,good
355,23,male,1,own,little,moderate,1246,24,car,bad
847,28,male,2,own,little,NA,1249,24,car,good
245,25,male,2,own,little,NA,1258,24,business,good
975,57,female,1,own,quite rich,rich,1258,24,radio/TV,good
729,36,male,2,own,rich,rich,1275,24,business,good
904,36,male,3,own,little,NA,1278,24,radio/TV,good
15,32,female,1,own,moderate,little,1282,24,radio/TV,bad
755,32,female,2,rent,NA,little,1285,24,car,bad
437,37,female,2,own,rich,NA,1287,24,car,good
533,26,male,2,own,moderate,NA,1311,24,radio/TV,good
545,43,male,2,free,little,little,1333,24,car,bad
302,37,male,1,own,NA,rich,1344,24,car,bad
634,25,female,1,own,little,moderate,1355,24,car,bad
594,40,male,3,own,NA,little,1358,24,vacation/others,bad
775,25,female,2,rent,NA,little,1371,24,car,bad
636,28,female,2,own,quite rich,NA,1376,24,radio/TV,good
702,47,female,2,free,moderate,rich,1377,24,radio/TV,good
414,35,female,2,own,NA,little,1381,24,car,bad
872,26,male,2,own,moderate,little,1382,24,business,good
758,31,male,2,own,little,NA,1393,24,car,good
508,28,male,2,own,little,NA,1413,24,radio/TV,good
596,23,female,2,rent,little,little,1442,24,car,bad
100,41,male,1,rent,moderate,NA,1469,24,car,good
855,33,male,2,own,moderate,NA,1474,24,car,good
399,43,female,1,own,rich,NA,1516,24,radio/TV,good
327,34,female,2,own,rich,NA,1525,24,car,good
267,38,female,2,own,little,NA,1533,24,radio/TV,good
561,24,male,1,rent,little,little,1546,24,radio/TV,bad
547,32,male,2,own,little,NA,1552,24,radio/TV,good
565,23,female,2,rent,moderate,moderate,1553,24,radio/TV,good
843,50,male,2,own,little,NA,1559,24,business,good
497,40,male,2,own,little,NA,1585,24,furniture/equipment,good
800,54,male,2,free,little,NA,1597,24,education,good
261,55,female,2,own,little,little,1603,24,radio/TV,good
466,29,female,1,rent,little,little,1659,24,radio/TV,bad
989,48,male,1,own,little,moderate,1743,24,radio/TV,good
930,24,male,1,own,little,little,1747,24,furniture/equipment,good
83,58,female,1,own,little,little,1755,24,vacation/others,good
235,30,male,3,own,little,little,1823,24,radio/TV,bad
602,34,female,1,free,little,moderate,1837,24,education,bad
643,33,male,2,own,little,NA,1851,24,radio/TV,good
279,29,male,3,rent,moderate,NA,1901,24,radio/TV,good
248,26,male,2,own,little,rich,1925,24,furniture/equipment,good
577,33,female,2,own,NA,NA,1927,24,education,good
169,31,male,2,own,little,moderate,1935,24,business,bad
321,32,male,2,own,little,little,1938,24,radio/TV,bad
781,60,male,2,own,rich,NA,1940,24,car,good
591,42,female,2,rent,NA,moderate,1965,24,car,good
410,20,female,2,own,little,moderate,1967,24,radio/TV,good
731,21,male,1,rent,little,little,1987,24,radio/TV,bad
546,37,female,2,own,little,NA,2022,24,car,good
984,30,male,1,own,little,NA,2028,24,furniture/equipment,good
541,60,male,2,free,little,NA,2032,24,car,good
405,22,male,2,own,little,moderate,2039,24,radio/TV,bad
433,33,male,2,own,little,NA,2058,24,repairs,good
172,34,female,3,own,little,moderate,2064,24,furniture/equipment,bad
406,43,male,2,own,NA,NA,2197,24,car,good
773,52,male,2,own,moderate,NA,2223,24,radio/TV,good
514,54,male,2,own,NA,NA,2255,24,car,good
694,28,male,2,own,little,NA,2284,24,radio/TV,good
652,45,male,2,own,little,little,2303,24,car,bad
740,32,male,2,own,moderate,little,2325,24,car,good
50,29,male,1,own,NA,moderate,2333,24,furniture/equipment,good
654,35,male,2,own,little,NA,2346,24,car,good
918,33,male,2,own,moderate,little,2359,24,furniture/equipment,bad
830,44,male,2,own,quite rich,NA,2375,24,business,good
678,64,male,1,rent,little,little,2384,24,radio/TV,good
963,35,male,2,own,quite rich,NA,2397,24,radio/TV,bad
16,53,male,2,own,NA,NA,2424,24,radio/TV,good
862,35,female,2,own,little,little,2439,24,radio/TV,bad
764,27,male,2,own,moderate,NA,2463,24,car,good
743,22,male,2,own,quite rich,little,2483,24,furniture/equipment,good
978,47,male,1,own,little,NA,2538,24,car,bad
567,34,male,2,own,rich,NA,2578,24,radio/TV,good
733,28,female,2,rent,rich,NA,2603,24,car,good
839,46,male,2,own,little,NA,2611,24,radio/TV,good
453,35,male,3,own,little,NA,2670,24,car,good
455,29,female,3,own,little,NA,2679,24,car,good
256,35,male,1,own,little,NA,2684,24,radio/TV,good
593,20,female,1,rent,little,moderate,2718,24,car,bad
198,36,male,2,free,NA,moderate,2760,24,car,good
770,26,female,2,rent,NA,little,2812,24,car,good
886,34,male,2,own,NA,moderate,2825,24,business,good
605,22,male,2,own,quite rich,little,2828,24,furniture/equipment,good
6,53,male,2,own,quite rich,NA,2835,24,furniture/equipment,good
160,36,male,2,own,moderate,NA,2872,24,radio/TV,good
793,51,male,2,free,little,rich,2892,24,furniture/equipment,good
692,29,male,2,own,moderate,moderate,2896,24,radio/TV,good
322,34,male,3,free,little,little,2910,24,car,good
465,63,male,2,own,little,little,2924,24,car,good
838,63,male,2,own,little,little,2957,24,car,good
560,49,male,2,free,NA,little,2964,24,car,good
223,32,male,2,own,NA,NA,2978,24,business,good
495,20,male,2,own,NA,little,2996,24,furniture/equipment,bad
218,24,male,1,rent,little,little,3021,24,furniture/equipment,good
794,32,male,2,rent,quite rich,NA,3062,24,furniture/equipment,good
959,30,male,2,free,moderate,moderate,3069,24,furniture/equipment,good
470,22,male,2,rent,moderate,moderate,3092,24,radio/TV,bad
534,25,male,2,own,NA,NA,3105,24,radio/TV,good
500,27,female,2,own,little,little,3123,24,car,bad
718,31,male,2,own,NA,rich,3148,24,radio/TV,good
229,22,male,2,free,little,little,3149,24,furniture/equipment,good
914,31,male,2,rent,little,little,3161,24,business,bad
64,26,female,2,own,little,NA,3181,24,radio/TV,good
570,23,female,1,rent,little,little,3234,24,furniture/equipment,bad
408,26,male,3,own,quite rich,NA,3235,24,radio/TV,good
919,39,male,3,rent,little,little,3345,24,furniture/equipment,bad
946,30,male,2,free,quite rich,little,3349,24,furniture/equipment,bad
19,31,male,2,own,quite rich,NA,3430,24,radio/TV,good
523,23,female,2,own,moderate,NA,3488,24,car,good
158,38,male,2,own,moderate,moderate,3512,24,car,good
558,27,male,2,own,little,little,3552,24,furniture/equipment,bad
93,20,male,2,rent,NA,rich,3617,24,furniture/equipment,good
949,31,male,2,own,moderate,NA,3621,24,radio/TV,bad
613,22,female,2,rent,little,little,3632,24,car,good
630,28,female,2,own,little,little,3660,24,radio/TV,good
312,26,female,2,own,little,rich,3749,24,furniture/equipment,good
487,62,female,2,free,little,NA,3757,24,car,good
347,23,female,0,rent,quite rich,moderate,3758,24,radio/TV,good
183,50,male,2,own,rich,NA,3777,24,furniture/equipment,good
599,32,male,2,free,little,NA,3863,24,business,good
121,41,female,3,rent,little,NA,3868,24,car,good
284,37,male,2,own,moderate,moderate,3878,24,car,good
168,25,female,2,rent,little,NA,3972,24,furniture/equipment,good
31,27,male,2,own,little,little,4020,24,furniture/equipment,good
851,43,male,2,own,NA,NA,4042,24,car,good
884,43,male,2,own,little,moderate,4057,24,furniture/equipment,bad
334,23,male,2,rent,little,little,4110,24,furniture/equipment,bad
952,28,female,2,rent,quite rich,moderate,4113,24,car,bad
670,27,male,1,own,moderate,NA,4139,24,business,good
253,35,male,2,own,moderate,NA,4151,24,furniture/equipment,good
338,28,male,2,own,little,little,4169,24,furniture/equipment,good
597,36,male,1,own,little,moderate,4241,24,business,bad
317,48,female,1,own,NA,moderate,4351,24,furniture/equipment,good
606,74,male,3,own,little,NA,4526,24,business,good
190,54,male,3,own,rich,NA,4591,24,business,bad
469,35,male,1,own,little,NA,4679,24,car,good
564,37,male,3,own,NA,moderate,4712,24,business,good
911,25,female,1,own,little,moderate,4736,24,furniture/equipment,bad
454,31,male,2,own,little,little,4817,24,car,bad
4,53,male,2,free,little,little,4870,24,car,bad
833,42,female,2,own,NA,moderate,5084,24,radio/TV,good
683,47,male,2,free,little,NA,5103,24,radio/TV,good
676,33,male,2,own,little,NA,5150,24,furniture/equipment,good
477,25,male,2,own,little,rich,5152,24,radio/TV,good
572,26,female,3,rent,NA,NA,5433,24,car,good
520,44,male,2,free,little,NA,5507,24,repairs,good
311,25,male,2,own,moderate,NA,5511,24,furniture/equipment,good
340,24,female,2,free,little,moderate,5743,24,education,good
860,27,male,2,own,rich,NA,5804,24,car,good
80,44,female,2,own,NA,NA,5943,24,radio/TV,bad
791,41,male,3,own,NA,NA,6313,24,car,good
665,27,male,3,own,little,NA,6314,24,vacation/others,good
730,33,male,2,own,little,moderate,6403,24,radio/TV,good
292,44,female,3,free,little,little,6419,24,car,good
208,21,male,1,own,little,little,6568,24,business,good
988,29,male,3,free,little,little,6579,24,car,good
330,75,male,3,free,little,little,6615,24,car,good
939,46,male,3,own,NA,NA,6842,24,car,good
924,55,male,2,own,little,little,6872,24,furniture/equipment,bad
154,36,male,3,rent,moderate,moderate,6967,24,business,good
971,43,male,1,own,little,NA,7393,24,car,good
108,30,female,2,own,NA,little,7721,24,furniture/equipment,good
153,29,female,2,rent,rich,moderate,7758,24,car,good
880,38,male,3,own,little,NA,7814,24,car,good
402,27,male,2,own,little,NA,8648,24,business,bad
881,48,male,2,free,NA,NA,9277,24,car,good
431,29,male,3,own,little,moderate,11328,24,vacation/others,bad
736,23,female,3,rent,little,moderate,11560,24,car,bad
105,39,male,3,own,little,moderate,11938,24,vacation/others,bad
18,44,female,3,free,little,moderate,12579,24,car,bad
525,30,male,2,own,little,moderate,7966,26,car,good
890,43,male,3,own,little,little,2442,27,business,good
966,23,male,1,own,quite rich,moderate,2520,27,radio/TV,bad
704,32,female,2,own,little,moderate,2528,27,business,good
724,21,female,2,rent,little,NA,2570,27,car,bad
142,27,male,3,own,little,little,3416,27,radio/TV,good
192,36,male,2,own,little,moderate,3915,27,business,bad
863,32,male,1,own,rich,NA,4526,27,furniture/equipment,good
202,26,male,2,own,little,NA,5117,27,business,good
65,48,male,2,own,NA,NA,5190,27,repairs,good
212,50,male,2,own,little,little,5293,27,business,bad
51,30,male,3,own,little,moderate,5965,27,car,good
491,42,female,3,free,little,moderate,8318,27,business,bad
136,27,male,2,own,rich,NA,8613,27,car,good
426,29,male,2,own,little,NA,2743,28,radio/TV,good
958,45,male,1,own,little,little,4006,28,car,bad
889,40,male,2,rent,NA,NA,7824,28,car,good
965,26,female,2,own,NA,moderate,1715,30,radio/TV,good
928,58,male,2,own,NA,NA,1867,30,radio/TV,good
213,66,male,3,own,little,rich,1908,30,business,bad
935,30,male,3,own,moderate,moderate,1919,30,radio/TV,bad
252,24,female,2,own,little,moderate,2150,30,car,bad
882,36,male,2,own,NA,moderate,2181,30,car,good
40,30,male,3,own,quite rich,NA,2333,30,radio/TV,good
359,23,female,2,rent,little,little,2406,30,furniture/equipment,bad
703,41,male,2,own,moderate,moderate,2503,30,business,good
239,39,male,2,own,little,little,2522,30,radio/TV,good
974,33,female,2,own,little,NA,2831,30,radio/TV,good
912,25,female,2,own,NA,moderate,2991,30,radio/TV,good
669,47,male,2,own,little,rich,3017,30,radio/TV,good
716,40,male,2,own,NA,NA,3077,30,radio/TV,good
766,31,male,1,own,little,little,3108,30,furniture/equipment,bad
618,21,female,2,rent,moderate,moderate,3441,30,furniture/equipment,bad
666,34,male,2,own,rich,moderate,3496,30,furniture/equipment,good
482,57,female,2,rent,rich,little,3622,30,furniture/equipment,good
956,49,male,1,own,NA,rich,3656,30,radio/TV,good
79,22,male,2,own,little,moderate,3832,30,furniture/equipment,good
996,40,male,3,own,little,little,3857,30,car,good
658,28,female,2,own,little,moderate,4221,30,business,good
320,28,male,3,own,little,moderate,4249,30,car,bad
384,26,male,1,own,moderate,NA,4272,30,business,good
739,26,female,1,rent,moderate,moderate,4280,30,business,bad
675,26,female,3,rent,little,NA,4530,30,radio/TV,good
646,32,male,2,own,little,little,4583,30,furniture/equipment,good
306,24,female,1,rent,NA,NA,4811,30,car,good
9,28,male,3,own,little,moderate,5234,30,car,bad
753,25,female,2,own,little,NA,5771,30,radio/TV,good
571,38,male,2,own,little,NA,5954,30,radio/TV,good
43,24,male,2,rent,moderate,little,6187,30,car,good
542,31,male,2,own,NA,little,6350,30,furniture/equipment,bad
879,36,male,2,own,NA,NA,6742,30,radio/TV,good
175,53,female,3,own,NA,NA,7485,30,car,bad
715,63,male,2,own,NA,NA,7596,30,car,good
17,25,male,2,own,NA,little,8072,30,business,good
980,49,male,2,own,little,moderate,8386,30,furniture/equipment,bad
205,38,male,3,free,little,little,10623,30,car,good
274,34,male,1,own,little,little,11998,30,repairs,bad
468,26,female,2,own,little,NA,2764,33,business,good
118,23,female,2,own,quite rich,little,4281,33,furniture/equipment,bad
411,35,male,3,own,little,NA,7253,33,car,good
164,36,male,2,own,quite rich,NA,909,36,car,good
68,37,male,2,free,little,NA,1819,36,education,bad
446,34,female,2,own,little,little,1842,36,car,bad
62,61,male,3,free,little,moderate,1953,36,business,bad
74,40,male,3,own,NA,little,1977,36,education,bad
951,24,male,2,own,little,little,2145,36,business,bad
54,57,male,2,free,little,moderate,2225,36,car,bad
530,32,male,2,own,little,moderate,2273,36,education,good
46,39,male,2,own,quite rich,NA,2299,36,radio/TV,good
528,31,male,2,rent,little,little,2302,36,radio/TV,bad
101,24,male,2,rent,little,moderate,2323,36,radio/TV,good
98,36,male,2,own,little,moderate,2337,36,radio/TV,good
397,46,male,2,own,little,little,2348,36,furniture/equipment,good
583,33,male,1,rent,little,moderate,2384,36,repairs,bad
69,25,female,2,own,NA,NA,2394,36,radio/TV,good
225,27,male,2,own,little,NA,2613,36,repairs,good
607,50,female,2,free,moderate,moderate,2671,36,radio/TV,bad
822,41,male,2,own,little,little,2712,36,furniture/equipment,bad
315,31,male,2,own,little,little,2746,36,furniture/equipment,bad
578,27,male,2,own,little,moderate,2820,36,car,bad
687,30,male,2,free,moderate,moderate,2862,36,car,good
370,36,male,2,own,NA,NA,3079,36,car,good
392,39,male,3,free,little,little,3249,36,car,good
214,51,male,2,own,NA,NA,3342,36,radio/TV,good
603,28,female,3,own,little,NA,3349,36,furniture/equipment,bad
368,42,male,2,own,little,little,3446,36,furniture/equipment,bad
776,37,male,2,own,little,NA,3535,36,car,good
877,28,male,2,own,little,NA,3595,36,radio/TV,good
460,37,male,2,own,little,little,3620,36,furniture/equipment,good
907,27,male,2,own,NA,moderate,3711,36,education,good
301,42,female,2,own,little,moderate,3804,36,radio/TV,bad
211,45,female,1,own,NA,NA,3835,36,radio/TV,good
217,23,male,2,own,little,rich,3913,36,radio/TV,good
993,30,male,3,own,little,little,3959,36,furniture/equipment,good
735,29,female,0,own,NA,moderate,3990,36,domestic appliances,good
230,26,male,2,own,little,rich,4210,36,radio/TV,bad
910,34,female,2,own,little,NA,4454,36,radio/TV,good
181,30,male,3,own,little,moderate,4455,36,business,bad
357,26,male,3,own,little,NA,4463,36,radio/TV,bad
328,31,male,2,own,little,rich,4473,36,radio/TV,good
511,32,male,3,free,little,NA,4686,36,car,good
141,30,female,3,own,little,moderate,4795,36,radio/TV,good
840,29,male,2,own,little,little,5179,36,furniture/equipment,bad
148,28,male,2,own,little,little,5371,36,furniture/equipment,good
501,42,male,2,free,little,little,5493,36,car,good
778,38,male,3,own,rich,NA,5711,36,car,good
671,31,male,2,own,moderate,NA,5742,36,business,good
893,34,male,2,own,little,moderate,5800,36,car,good
415,35,male,2,own,little,NA,5842,36,car,good
152,24,male,2,own,little,rich,5848,36,radio/TV,good
59,23,female,1,rent,little,little,6229,36,furniture/equipment,bad
266,36,male,2,own,NA,NA,6304,36,business,good
888,34,male,3,own,little,NA,6614,36,car,good
131,29,male,2,own,little,little,6887,36,education,bad
7,35,male,3,rent,little,moderate,6948,36,car,good
517,23,female,2,rent,little,NA,7127,36,furniture/equipment,bad
868,37,male,2,own,NA,NA,7409,36,business,good
815,54,female,2,rent,little,moderate,7432,36,car,good
870,40,female,2,own,quite rich,NA,7678,36,furniture/equipment,good
113,25,female,2,own,little,NA,7855,36,car,bad
645,27,male,2,rent,NA,NA,7980,36,business,bad
771,25,female,3,own,little,little,8065,36,education,bad
653,42,male,3,own,moderate,moderate,8086,36,car,bad
70,30,female,2,own,little,NA,8133,36,car,good
983,26,male,2,own,little,little,8229,36,car,bad
828,47,male,2,free,NA,little,8335,36,car,bad
895,31,male,3,own,NA,NA,8947,36,car,good
496,29,male,3,rent,moderate,moderate,9034,36,furniture/equipment,bad
5,35,male,1,free,NA,NA,9055,36,education,good
805,24,male,2,own,little,little,9271,36,car,bad
291,28,male,3,rent,little,moderate,9398,36,car,bad
57,31,female,2,own,little,NA,9566,36,radio/TV,good
180,28,male,2,own,little,NA,9572,36,business,bad
812,24,male,2,own,little,little,9629,36,car,bad
684,31,male,1,own,moderate,moderate,9857,36,business,good
902,42,male,2,free,NA,NA,10477,36,car,good
854,45,male,2,own,little,NA,10875,36,car,good
953,26,female,3,own,little,NA,10974,36,furniture/equipment,bad
450,30,male,3,own,NA,NA,11054,36,car,good
563,37,male,2,free,NA,moderate,12389,36,car,bad
87,47,male,2,free,moderate,moderate,12612,36,education,bad
378,57,male,3,free,little,moderate,14318,36,car,bad
818,43,male,3,own,little,little,15857,36,vacation/others,good
476,24,male,2,own,quite rich,NA,2569,39,car,good
780,25,male,2,own,little,moderate,4933,39,radio/TV,bad
509,45,male,3,own,moderate,NA,8588,39,car,good
395,32,male,2,rent,moderate,moderate,11760,39,education,good
744,30,male,3,own,NA,little,14179,39,furniture/equipment,good
789,27,male,2,own,little,little,5998,40,education,bad
438,65,male,0,own,little,little,3394,42,repairs,good
76,34,male,2,own,little,little,3965,42,radio/TV,bad
628,36,male,2,own,quite rich,NA,4042,42,furniture/equipment,good
639,26,male,2,own,little,little,4370,42,radio/TV,bad
293,56,male,2,free,little,rich,4796,42,car,good
73,41,female,1,own,little,moderate,5954,42,business,good
986,33,male,2,own,little,rich,6289,42,business,good
968,29,male,2,rent,NA,NA,7166,42,radio/TV,good
116,30,female,3,own,NA,little,7174,42,radio/TV,bad
3,45,male,2,free,little,little,7882,42,furniture/equipment,good
808,55,male,3,free,little,moderate,9283,42,car,good
998,23,male,2,free,little,little,1845,45,radio/TV,bad
194,21,male,2,rent,moderate,moderate,3031,45,radio/TV,bad
999,27,male,2,own,moderate,moderate,4576,45,car,good
35,25,male,1,own,little,moderate,4746,45,radio/TV,bad
832,29,male,2,rent,little,little,11816,45,business,bad
285,35,female,1,own,little,little,10722,47,car,good
787,38,male,2,own,NA,NA,2751,48,car,good
813,54,male,2,own,little,little,3051,48,domestic appliances,bad
273,28,male,2,own,little,moderate,3060,48,radio/TV,bad
145,30,male,2,own,moderate,moderate,3566,48,business,good
115,47,male,2,own,NA,NA,3578,48,radio/TV,good
667,27,female,2,own,little,NA,3609,48,business,good
191,34,male,1,free,moderate,moderate,3844,48,business,bad
622,38,male,2,own,NA,NA,3914,48,business,bad
814,46,male,2,free,little,little,3931,48,car,bad
568,41,male,2,own,NA,moderate,3979,48,radio/TV,good
11,24,female,2,rent,little,little,4308,48,business,bad
242,24,male,2,free,little,little,4605,48,car,bad
286,26,male,2,own,little,little,4788,48,car,good
981,33,male,3,rent,little,NA,4844,48,business,bad
444,30,female,3,own,little,moderate,5096,48,furniture/equipment,bad
310,40,male,0,free,NA,moderate,5381,48,vacation/others,good
1,22,female,2,own,little,moderate,5951,48,radio/TV,bad
36,31,male,2,free,little,NA,6110,48,education,good
44,58,female,1,free,little,little,6143,48,car,bad
788,50,male,2,free,little,moderate,6224,48,education,bad
701,46,male,2,free,little,little,6331,48,car,bad
728,59,female,2,rent,little,moderate,6416,48,business,bad
706,24,male,2,own,moderate,moderate,6560,48,car,bad
829,38,male,2,free,NA,moderate,6681,48,business,good
569,31,female,2,own,little,little,6758,48,radio/TV,bad
552,34,male,2,own,little,little,6999,48,radio/TV,bad
522,53,male,2,free,little,little,7119,48,furniture/equipment,bad
467,32,male,2,own,NA,NA,7238,48,radio/TV,good
650,50,male,3,free,little,little,7476,48,education,good
287,31,male,3,free,moderate,moderate,7582,48,vacation/others,good
294,46,male,3,own,NA,NA,7629,48,business,good
375,37,female,2,rent,little,little,7685,48,business,bad
538,42,male,3,free,little,little,7763,48,car,bad
945,30,female,2,own,quite rich,moderate,8358,48,car,good
130,24,female,2,own,NA,moderate,8487,48,car,good
549,35,male,2,free,NA,NA,8858,48,car,good
295,26,female,2,own,little,moderate,9960,48,furniture/equipment,bad
304,44,male,2,free,quite rich,NA,10127,48,car,bad
657,37,male,2,own,NA,NA,10222,48,radio/TV,good
927,39,male,2,free,little,little,10297,48,car,bad
226,27,male,2,own,rich,moderate,10961,48,radio/TV,bad
333,24,female,1,rent,moderate,NA,11590,48,car,bad
272,36,male,3,free,NA,moderate,12169,48,car,good
615,48,male,3,own,NA,moderate,12204,48,business,good
921,37,male,3,own,quite rich,NA,12749,48,radio/TV,good
63,25,male,2,own,little,moderate,14421,48,business,bad
887,23,male,2,own,little,moderate,15672,48,business,bad
915,32,female,3,own,little,moderate,18424,48,vacation/others,bad
78,39,male,1,own,NA,NA,9436,54,car,good
95,58,male,2,rent,little,moderate,15945,54,business,bad
938,42,male,2,free,little,moderate,6288,60,education,bad
685,34,male,2,free,NA,NA,6527,60,car,good
29,63,male,2,own,little,little,6836,60,business,bad
973,36,male,2,rent,little,little,7297,60,business,bad
332,24,female,3,own,moderate,moderate,7408,60,car,bad
255,27,male,1,own,NA,moderate,7418,60,radio/TV,good
616,27,male,3,free,NA,moderate,9157,60,radio/TV,good
134,21,female,2,own,moderate,NA,10144,60,radio/TV,good
672,42,male,3,own,little,NA,10366,60,car,good
373,63,male,3,free,NA,NA,13756,60,car,good
714,27,male,3,own,little,moderate,14027,60,car,bad
374,60,female,3,free,moderate,moderate,14782,60,vacation/others,bad
637,21,male,2,own,little,NA,15653,60,radio/TV,good
677,24,male,2,own,moderate,moderate,5595,72,radio/TV,bad
